idna_subject,checker_type,destination,source,tested_at,session_id
107.150.37.26,AVAILABILITY,domains.list,domains.list,2025-11-01 08:04:35.440869+00:00,d51bc4ebbf3fbc6cc434b188
107.150.60.34,AVAILABILITY,domains.list,domains.list,2025-11-01 08:04:36.146766+00:00,d51bc4ebbf3fbc6cc434b188
107.150.62.138,AVAILABILITY,domains.list,domains.list,2025-11-01 08:04:36.393001+00:00,d51bc4ebbf3fbc6cc434b188
142.54.164.58,AVAILABILITY,domains.list,domains.list,2025-11-01 08:04:37.105207+00:00,d51bc4ebbf3fbc6cc434b188
142.54.174.130,AVAILABILITY,domains.list,domains.list,2025-11-01 08:04:37.428741+00:00,d51bc4ebbf3fbc6cc434b188
142.54.183.226,AVAILABILITY,domains.list,domains.list,2025-11-01 08:04:37.621618+00:00,d51bc4ebbf3fbc6cc434b188
142.54.188.34,AVAILABILITY,domains.list,domains.list,2025-11-01 08:04:37.762349+00:00,d51bc4ebbf3fbc6cc434b188
148.253.188.34,AVAILABILITY,domains.list,domains.list,2025-11-01 08:04:38.252716+00:00,d51bc4ebbf3fbc6cc434b188
162.244.35.14,AVAILABILITY,domains.list,domains.list,2025-11-01 08:04:39.988565+00:00,d51bc4ebbf3fbc6cc434b188
173.208.148.218,AVAILABILITY,domains.list,domains.list,2025-11-01 08:04:40.361063+00:00,d51bc4ebbf3fbc6cc434b188
173.208.175.154,AVAILABILITY,domains.list,domains.list,2025-11-01 08:04:40.959172+00:00,d51bc4ebbf3fbc6cc434b188
173.208.193.42,AVAILABILITY,domains.list,domains.list,2025-11-01 08:04:41.084420+00:00,d51bc4ebbf3fbc6cc434b188
173.208.244.82,AVAILABILITY,domains.list,domains.list,2025-11-01 08:04:41.557361+00:00,d51bc4ebbf3fbc6cc434b188
178.137.80.28,AVAILABILITY,domains.list,domains.list,2025-11-01 08:04:41.977394+00:00,d51bc4ebbf3fbc6cc434b188
178.137.82.201,AVAILABILITY,domains.list,domains.list,2025-11-01 08:04:42.388645+00:00,d51bc4ebbf3fbc6cc434b188
178.137.83.84,AVAILABILITY,domains.list,domains.list,2025-11-01 08:04:42.979242+00:00,d51bc4ebbf3fbc6cc434b188
178.137.93.239,AVAILABILITY,domains.list,domains.list,2025-11-01 08:04:43.397577+00:00,d51bc4ebbf3fbc6cc434b188
185.119.81.11,AVAILABILITY,domains.list,domains.list,2025-11-01 08:04:43.990291+00:00,d51bc4ebbf3fbc6cc434b188
185.119.81.39,AVAILABILITY,domains.list,domains.list,2025-11-01 08:04:44.447193+00:00,d51bc4ebbf3fbc6cc434b188
185.119.81.50,AVAILABILITY,domains.list,domains.list,2025-11-01 08:04:44.901994+00:00,d51bc4ebbf3fbc6cc434b188
185.119.81.63,AVAILABILITY,domains.list,domains.list,2025-11-01 08:04:45.355949+00:00,d51bc4ebbf3fbc6cc434b188
185.119.81.77,AVAILABILITY,domains.list,domains.list,2025-11-01 08:04:45.847705+00:00,d51bc4ebbf3fbc6cc434b188
185.119.81.78,AVAILABILITY,domains.list,domains.list,2025-11-01 08:04:46.332199+00:00,d51bc4ebbf3fbc6cc434b188
185.85.190.132,AVAILABILITY,domains.list,domains.list,2025-11-01 08:04:47.078641+00:00,d51bc4ebbf3fbc6cc434b188
185.85.191.196,AVAILABILITY,domains.list,domains.list,2025-11-01 08:04:47.556372+00:00,d51bc4ebbf3fbc6cc434b188
185.85.191.201,AVAILABILITY,domains.list,domains.list,2025-11-01 08:04:47.838399+00:00,d51bc4ebbf3fbc6cc434b188
185.85.238.244,AVAILABILITY,domains.list,domains.list,2025-11-01 08:04:48.186719+00:00,d51bc4ebbf3fbc6cc434b188
185.85.239.110,AVAILABILITY,domains.list,domains.list,2025-11-01 08:04:48.470159+00:00,d51bc4ebbf3fbc6cc434b188
185.85.239.130,AVAILABILITY,domains.list,domains.list,2025-11-01 08:04:48.752961+00:00,d51bc4ebbf3fbc6cc434b188
185.85.239.156,AVAILABILITY,domains.list,domains.list,2025-11-01 08:04:49.036673+00:00,d51bc4ebbf3fbc6cc434b188
185.85.239.157,AVAILABILITY,domains.list,domains.list,2025-11-01 08:04:49.318078+00:00,d51bc4ebbf3fbc6cc434b188
185.85.239.195,AVAILABILITY,domains.list,domains.list,2025-11-01 08:04:49.971493+00:00,d51bc4ebbf3fbc6cc434b188
185.86.13.211,AVAILABILITY,domains.list,domains.list,2025-11-01 08:04:50.256174+00:00,d51bc4ebbf3fbc6cc434b188
185.86.13.212,AVAILABILITY,domains.list,domains.list,2025-11-01 08:04:50.736690+00:00,d51bc4ebbf3fbc6cc434b188
185.86.13.213,AVAILABILITY,domains.list,domains.list,2025-11-01 08:04:51.237437+00:00,d51bc4ebbf3fbc6cc434b188
185.86.167.4,AVAILABILITY,domains.list,domains.list,2025-11-01 08:04:51.520732+00:00,d51bc4ebbf3fbc6cc434b188
185.86.5.199,AVAILABILITY,domains.list,domains.list,2025-11-01 08:04:51.802415+00:00,d51bc4ebbf3fbc6cc434b188
185.86.5.212,AVAILABILITY,domains.list,domains.list,2025-11-01 08:04:52.085176+00:00,d51bc4ebbf3fbc6cc434b188
185.86.5.251,AVAILABILITY,domains.list,domains.list,2025-11-01 08:04:52.371779+00:00,d51bc4ebbf3fbc6cc434b188
185.92.72.88,AVAILABILITY,domains.list,domains.list,2025-11-01 08:04:52.618099+00:00,d51bc4ebbf3fbc6cc434b188
192.151.148.50,AVAILABILITY,domains.list,domains.list,2025-11-01 08:04:53.024971+00:00,d51bc4ebbf3fbc6cc434b188
192.187.100.58,AVAILABILITY,domains.list,domains.list,2025-11-01 08:04:53.154339+00:00,d51bc4ebbf3fbc6cc434b188
192.187.111.146,AVAILABILITY,domains.list,domains.list,2025-11-01 08:04:53.290464+00:00,d51bc4ebbf3fbc6cc434b188
192.187.98.44,AVAILABILITY,domains.list,domains.list,2025-11-01 08:04:53.995638+00:00,d51bc4ebbf3fbc6cc434b188
194.28.115.228,AVAILABILITY,domains.list,domains.list,2025-11-01 08:04:54.631785+00:00,d51bc4ebbf3fbc6cc434b188
194.28.115.252,AVAILABILITY,domains.list,domains.list,2025-11-01 08:04:54.885358+00:00,d51bc4ebbf3fbc6cc434b188
195.154.182.111,AVAILABILITY,domains.list,domains.list,2025-11-01 08:04:55.365332+00:00,d51bc4ebbf3fbc6cc434b188
195.154.183.190,AVAILABILITY,domains.list,domains.list,2025-11-01 08:04:55.842623+00:00,d51bc4ebbf3fbc6cc434b188
195.154.189.62,AVAILABILITY,domains.list,domains.list,2025-11-01 08:04:56.297763+00:00,d51bc4ebbf3fbc6cc434b188
195.154.237.74,AVAILABILITY,domains.list,domains.list,2025-11-01 08:04:56.649000+00:00,d51bc4ebbf3fbc6cc434b188
195.154.252.100,AVAILABILITY,domains.list,domains.list,2025-11-01 08:04:57.103096+00:00,d51bc4ebbf3fbc6cc434b188
195.154.252.171,AVAILABILITY,domains.list,domains.list,2025-11-01 08:04:57.555995+00:00,d51bc4ebbf3fbc6cc434b188
195.154.253.105,AVAILABILITY,domains.list,domains.list,2025-11-01 08:04:57.893849+00:00,d51bc4ebbf3fbc6cc434b188
198.204.224.58,AVAILABILITY,domains.list,domains.list,2025-11-01 08:04:58.283612+00:00,d51bc4ebbf3fbc6cc434b188
198.204.251.162,AVAILABILITY,domains.list,domains.list,2025-11-01 08:04:58.961087+00:00,d51bc4ebbf3fbc6cc434b188
204.12.228.194,AVAILABILITY,domains.list,domains.list,2025-11-01 08:04:59.330899+00:00,d51bc4ebbf3fbc6cc434b188
208.110.66.130,AVAILABILITY,domains.list,domains.list,2025-11-01 08:04:59.603876+00:00,d51bc4ebbf3fbc6cc434b188
212.227.198.56,AVAILABILITY,domains.list,domains.list,2025-11-01 08:05:00.803996+00:00,d51bc4ebbf3fbc6cc434b188
35.189.196.190,AVAILABILITY,domains.list,domains.list,2025-11-01 08:05:01.173310+00:00,d51bc4ebbf3fbc6cc434b188
37.1.135.112,AVAILABILITY,domains.list,domains.list,2025-11-01 08:05:01.713392+00:00,d51bc4ebbf3fbc6cc434b188
37.59.178.110,AVAILABILITY,domains.list,domains.list,2025-11-01 08:05:01.945269+00:00,d51bc4ebbf3fbc6cc434b188
46.118.118.90,AVAILABILITY,domains.list,domains.list,2025-11-01 08:05:02.877923+00:00,d51bc4ebbf3fbc6cc434b188
46.118.119.138,AVAILABILITY,domains.list,domains.list,2025-11-01 08:05:03.448614+00:00,d51bc4ebbf3fbc6cc434b188
46.118.156.191,AVAILABILITY,domains.list,domains.list,2025-11-01 08:05:04.019073+00:00,d51bc4ebbf3fbc6cc434b188
5.39.219.24,AVAILABILITY,domains.list,domains.list,2025-11-01 08:05:06.182167+00:00,d51bc4ebbf3fbc6cc434b188
5.39.222.18,AVAILABILITY,domains.list,domains.list,2025-11-01 08:05:26.858161+00:00,d51bc4ebbf3fbc6cc434b188
62.210.146.49,AVAILABILITY,domains.list,domains.list,2025-11-01 08:05:27.287642+00:00,d51bc4ebbf3fbc6cc434b188
62.210.181.123,AVAILABILITY,domains.list,domains.list,2025-11-01 08:05:27.625721+00:00,d51bc4ebbf3fbc6cc434b188
62.210.88.4,AVAILABILITY,domains.list,domains.list,2025-11-01 08:05:28.075588+00:00,d51bc4ebbf3fbc6cc434b188
69.197.145.178,AVAILABILITY,domains.list,domains.list,2025-11-01 08:05:28.203171+00:00,d51bc4ebbf3fbc6cc434b188
69.30.255.106,AVAILABILITY,domains.list,domains.list,2025-11-01 08:05:28.591655+00:00,d51bc4ebbf3fbc6cc434b188
74.91.17.178,AVAILABILITY,domains.list,domains.list,2025-11-01 08:05:28.718176+00:00,d51bc4ebbf3fbc6cc434b188
77.120.155.207,AVAILABILITY,domains.list,domains.list,2025-11-01 08:05:29.277272+00:00,d51bc4ebbf3fbc6cc434b188
79.110.128.128,AVAILABILITY,domains.list,domains.list,2025-11-01 08:05:31.330096+00:00,d51bc4ebbf3fbc6cc434b188
79.110.128.17,AVAILABILITY,domains.list,domains.list,2025-11-01 08:05:31.759607+00:00,d51bc4ebbf3fbc6cc434b188
79.110.128.252,AVAILABILITY,domains.list,domains.list,2025-11-01 08:05:32.579637+00:00,d51bc4ebbf3fbc6cc434b188
79.110.128.63,AVAILABILITY,domains.list,domains.list,2025-11-01 08:05:33.182154+00:00,d51bc4ebbf3fbc6cc434b188
85.25.236.96,AVAILABILITY,domains.list,domains.list,2025-11-01 08:05:33.421258+00:00,d51bc4ebbf3fbc6cc434b188
89.248.172.121,AVAILABILITY,domains.list,domains.list,2025-11-01 08:05:34.330699+00:00,d51bc4ebbf3fbc6cc434b188
91.219.236.140,AVAILABILITY,domains.list,domains.list,2025-11-01 08:05:40.218193+00:00,d51bc4ebbf3fbc6cc434b188
92.222.74.29,AVAILABILITY,domains.list,domains.list,2025-11-01 08:05:40.706783+00:00,d51bc4ebbf3fbc6cc434b188
95.24.35.196,AVAILABILITY,domains.list,domains.list,2025-11-01 08:05:40.983090+00:00,d51bc4ebbf3fbc6cc434b188
95.24.37.130,AVAILABILITY,domains.list,domains.list,2025-11-01 08:05:41.257707+00:00,d51bc4ebbf3fbc6cc434b188
95.24.52.60,AVAILABILITY,domains.list,domains.list,2025-11-01 08:05:41.695200+00:00,d51bc4ebbf3fbc6cc434b188
91.200.12.61,AVAILABILITY,domains.list,domains.list,2025-11-01 08:06:01.857934+00:00,d51bc4ebbf3fbc6cc434b188
107.150.49.58,AVAILABILITY,domains.list,domains.list,2025-11-01 08:06:22.134447+00:00,d51bc4ebbf3fbc6cc434b188
91.200.12.53,AVAILABILITY,domains.list,domains.list,2025-11-01 08:06:42.647746+00:00,d51bc4ebbf3fbc6cc434b188
91.200.12.91,AVAILABILITY,domains.list,domains.list,2025-11-01 08:07:03.028870+00:00,d51bc4ebbf3fbc6cc434b188
91.200.12.81,AVAILABILITY,domains.list,domains.list,2025-11-01 08:07:23.279178+00:00,d51bc4ebbf3fbc6cc434b188
185.130.226.105,AVAILABILITY,domains.list,domains.list,2025-11-01 08:07:44.017319+00:00,d51bc4ebbf3fbc6cc434b188
91.200.12.155,AVAILABILITY,domains.list,domains.list,2025-11-01 08:08:04.257417+00:00,d51bc4ebbf3fbc6cc434b188
91.200.12.92,AVAILABILITY,domains.list,domains.list,2025-11-01 08:08:24.443425+00:00,d51bc4ebbf3fbc6cc434b188
91.200.12.153,AVAILABILITY,domains.list,domains.list,2025-11-01 08:08:44.612765+00:00,d51bc4ebbf3fbc6cc434b188
185.183.96.33,AVAILABILITY,domains.list,domains.list,2025-11-01 08:09:05.324019+00:00,d51bc4ebbf3fbc6cc434b188
91.200.12.113,AVAILABILITY,domains.list,domains.list,2025-11-01 08:09:25.613480+00:00,d51bc4ebbf3fbc6cc434b188
91.200.12.103,AVAILABILITY,domains.list,domains.list,2025-11-01 08:09:46.041941+00:00,d51bc4ebbf3fbc6cc434b188
91.200.12.114,AVAILABILITY,domains.list,domains.list,2025-11-01 08:10:06.225098+00:00,d51bc4ebbf3fbc6cc434b188
91.200.13.16,AVAILABILITY,domains.list,domains.list,2025-11-01 08:10:26.433986+00:00,d51bc4ebbf3fbc6cc434b188
77.121.248.91,AVAILABILITY,domains.list,domains.list,2025-11-01 08:10:46.644869+00:00,d51bc4ebbf3fbc6cc434b188
91.200.12.159,AVAILABILITY,domains.list,domains.list,2025-11-01 08:11:06.861880+00:00,d51bc4ebbf3fbc6cc434b188
91.200.12.188,AVAILABILITY,domains.list,domains.list,2025-11-01 08:11:27.025531+00:00,d51bc4ebbf3fbc6cc434b188
5.39.223.134,AVAILABILITY,domains.list,domains.list,2025-11-01 08:11:47.665550+00:00,d51bc4ebbf3fbc6cc434b188
103.240.17.73,AVAILABILITY,domains.list,domains.list,2025-11-01 08:12:07.966577+00:00,d51bc4ebbf3fbc6cc434b188
5.39.218.232,AVAILABILITY,domains.list,domains.list,2025-11-01 08:12:28.447558+00:00,d51bc4ebbf3fbc6cc434b188
91.200.12.42,AVAILABILITY,domains.list,domains.list,2025-11-01 08:12:48.610372+00:00,d51bc4ebbf3fbc6cc434b188
69.30.225.58,AVAILABILITY,domains.list,domains.list,2025-11-01 08:13:08.884989+00:00,d51bc4ebbf3fbc6cc434b188
142.54.160.154,AVAILABILITY,domains.list,domains.list,2025-11-01 08:13:09.562197+00:00,d51bc4ebbf3fbc6cc434b188
5.39.219.2,AVAILABILITY,domains.list,domains.list,2025-11-01 08:13:30.156466+00:00,d51bc4ebbf3fbc6cc434b188
91.220.131.134,AVAILABILITY,domains.list,domains.list,2025-11-01 08:13:50.323287+00:00,d51bc4ebbf3fbc6cc434b188
113.140.10.30,AVAILABILITY,domains.list,domains.list,2025-11-01 08:14:13.294882+00:00,d51bc4ebbf3fbc6cc434b188
185.159.36.73,AVAILABILITY,domains.list,domains.list,2025-11-01 08:14:33.603093+00:00,d51bc4ebbf3fbc6cc434b188
181.214.87.244,AVAILABILITY,domains.list,domains.list,2025-11-01 08:14:34.772027+00:00,d51bc4ebbf3fbc6cc434b188
173.208.169.250,AVAILABILITY,domains.list,domains.list,2025-11-01 08:14:35.133818+00:00,d51bc4ebbf3fbc6cc434b188
185.159.36.6,AVAILABILITY,domains.list,domains.list,2025-11-01 08:14:55.345821+00:00,d51bc4ebbf3fbc6cc434b188
192.187.98.42,AVAILABILITY,domains.list,domains.list,2025-11-01 08:14:55.687738+00:00,d51bc4ebbf3fbc6cc434b188
192.187.98.43,AVAILABILITY,domains.list,domains.list,2025-11-01 08:14:56.096786+00:00,d51bc4ebbf3fbc6cc434b188
91.200.12.18,AVAILABILITY,domains.list,domains.list,2025-11-01 08:15:16.259840+00:00,d51bc4ebbf3fbc6cc434b188
91.200.12.33,AVAILABILITY,domains.list,domains.list,2025-11-01 08:15:36.425907+00:00,d51bc4ebbf3fbc6cc434b188
193.201.224.222,AVAILABILITY,domains.list,domains.list,2025-11-01 08:15:56.642509+00:00,d51bc4ebbf3fbc6cc434b188
146.0.74.150,AVAILABILITY,domains.list,domains.list,2025-11-01 08:16:17.407858+00:00,d51bc4ebbf3fbc6cc434b188
199.168.102.13,AVAILABILITY,domains.list,domains.list,2025-11-01 08:16:37.757823+00:00,d51bc4ebbf3fbc6cc434b188
193.201.224.205,AVAILABILITY,domains.list,domains.list,2025-11-01 08:16:58.119465+00:00,d51bc4ebbf3fbc6cc434b188
193.201.225.17,AVAILABILITY,domains.list,domains.list,2025-11-01 08:17:18.359454+00:00,d51bc4ebbf3fbc6cc434b188
107.150.56.226,AVAILABILITY,domains.list,domains.list,2025-11-01 08:17:18.667983+00:00,d51bc4ebbf3fbc6cc434b188
209.160.30.222,AVAILABILITY,domains.list,domains.list,2025-11-01 08:17:39.166854+00:00,d51bc4ebbf3fbc6cc434b188
5.254.100.66,AVAILABILITY,domains.list,domains.list,2025-11-01 08:17:59.713619+00:00,d51bc4ebbf3fbc6cc434b188
204.12.226.250,AVAILABILITY,domains.list,domains.list,2025-11-01 08:18:00.231975+00:00,d51bc4ebbf3fbc6cc434b188
173.208.149.170,AVAILABILITY,domains.list,domains.list,2025-11-01 08:18:00.991269+00:00,d51bc4ebbf3fbc6cc434b188
31.184.194.90,AVAILABILITY,domains.list,domains.list,2025-11-01 08:18:21.775964+00:00,d51bc4ebbf3fbc6cc434b188
91.200.12.22,AVAILABILITY,domains.list,domains.list,2025-11-01 08:18:41.934793+00:00,d51bc4ebbf3fbc6cc434b188
91.200.12.2,AVAILABILITY,domains.list,domains.list,2025-11-01 08:19:02.096426+00:00,d51bc4ebbf3fbc6cc434b188
91.200.12.15,AVAILABILITY,domains.list,domains.list,2025-11-01 08:19:22.263946+00:00,d51bc4ebbf3fbc6cc434b188
198.204.224.82,AVAILABILITY,domains.list,domains.list,2025-11-01 08:19:22.738680+00:00,d51bc4ebbf3fbc6cc434b188
142.54.161.146,AVAILABILITY,domains.list,domains.list,2025-11-01 08:19:23.049859+00:00,d51bc4ebbf3fbc6cc434b188
91.200.12.21,AVAILABILITY,domains.list,domains.list,2025-11-01 08:19:43.213452+00:00,d51bc4ebbf3fbc6cc434b188
